Date,Close/Last,Volume,Open,High,Low
05/03/2023,21.315,100606,21.26,21.315,21.23
05/02/2023,21.2201,14601,21.08,21.24,21.08
05/01/2023,21.0304,1928,21.11,21.11,21.0213
04/28/2023,21.27,178030,21.26,21.289,21.24
04/27/2023,21.1551,102917,21.18,21.1913,21.1401
04/26/2023,21.275,6510,21.331,21.35,21.24
04/25/2023,21.335,45119,21.32,21.335,21.27
04/24/2023,21.18,34390,21.179,21.19,21.16
04/21/2023,21.115,6247,21.12,21.1398,21.101
04/20/2023,21.1301,5699,21.12,21.16,21.12
04/19/2023,21.055,5459,21.07,21.07,21.0349
04/18/2023,21.085,63295,21.099,21.1152,21.07
04/17/2023,21.075,12394,21.085,21.09,21.05
04/14/2023,21.145,5388,21.16,21.18,21.13
04/13/2023,21.24,8671,21.3361,21.3361,21.23
04/12/2023,21.275,2702,21.26,21.28,21.24
04/11/2023,21.245,37742,21.2793,21.2793,21.22
04/10/2023,21.26,8610,21.26,21.28,21.245
04/06/2023,21.39,20252,21.38,21.42,21.38
04/05/2023,21.405,51706,21.41,21.44,21.39
04/04/2023,21.34,36431,21.205,21.35,21.205
04/03/2023,21.235,729267,21.23,21.26,21.21
03/31/2023,21.23,582941,21.19,21.239,21.14
03/30/2023,21.1476,4438,21.11,21.15,21.09
03/29/2023,21.1094,28404,21.11,21.13,21.0614
03/28/2023,21.13,19128,21.10,21.14,21.10
03/27/2023,21.155,36027,21.20,21.23,21.155
03/24/2023,21.335,761,21.35,21.35,21.335
03/23/2023,21.32,8931,21.22,21.32,21.21
03/22/2023,21.2477,35588,21.06,21.2477,21.06
03/21/2023,21.065,16294,21.09,21.11,21.0395
03/20/2023,21.1895,739762,21.22,21.22,21.18
03/17/2023,21.27,20825,21.27,21.2953,21.26
03/16/2023,21.085,69822,21.30,21.30,21.07
03/15/2023,21.2168,30554,21.291,21.32,21.19
03/14/2023,20.9951,2613,20.98,21.03,20.98
03/13/2023,21.1393,3650,21.1833,21.20,21.12
03/10/2023,20.9401,26993,20.8903,20.9401,20.84
03/09/2023,20.6751,13991,20.645,20.68,20.61
03/08/2023,20.595,4410,20.679,20.68,20.57
03/07/2023,20.60,355929,20.62,20.652,20.60
03/06/2023,20.615,3729,20.64,20.64,20.60
03/03/2023,20.6343,27539,20.594,20.64,20.58
03/02/2023,20.5152,8691,20.49,20.52,20.49
03/01/2023,20.57,4292,20.619,20.619,20.57
02/28/2023,20.7151,24241,20.709,20.72,20.69
02/27/2023,20.705,1192,20.709,20.71,20.6909
02/24/2023,20.675,3692,20.69,20.69,20.66
02/23/2023,20.78,19694,20.74,20.789,20.74
02/22/2023,20.71,42147,20.73,20.76,20.71
02/21/2023,20.675,1921,20.70,20.729,20.675
02/17/2023,20.8051,5753,20.77,20.82,20.77
02/16/2023,20.7661,9894,20.78,20.81,20.75
02/15/2023,20.816,90120,20.86,20.868,20.81
02/14/2023,20.875,7369,20.86,20.89,20.85
02/13/2023,20.923,37843,20.92,20.924,20.91
02/10/2023,20.89,2972,20.925,20.93,20.89
02/09/2023,20.96,3933,21.06,21.08,20.96
02/08/2023,21.0201,11778,20.9887,21.03,20.97
02/07/2023,21.00,132531,21.031,21.05,21.00
02/06/2023,21.04,28103,21.06,21.06,21.03
02/03/2023,21.13,4477,21.1163,21.17,21.1163
02/02/2023,21.295,4336,21.33,21.349,21.29
02/01/2023,21.265,8991,21.20,21.27,21.171
01/31/2023,21.2092,206515,21.21,21.21,21.16
01/30/2023,21.16,13101,21.18,21.20,21.1403
01/27/2023,21.209,1306,21.198,21.209,21.19
01/26/2023,21.2249,3483,21.22,21.248,21.21
01/25/2023,21.255,24096,21.27,21.29,21.23
01/24/2023,21.25,6165,21.15,21.2599,21.15
01/23/2023,21.1619,32708,21.17,21.17,21.15
01/20/2023,21.204,134581,21.20,21.2299,21.1871
01/19/2023,21.3099,2389,21.33,21.33,21.29
01/18/2023,21.35,2395,21.31,21.35,21.28
01/17/2023,21.1649,64252,21.16,21.19,21.15
01/13/2023,21.17,37701,21.24,21.24,21.16
01/12/2023,21.255,24869,21.14,21.259,21.14
01/11/2023,21.105,13838,21.075,21.109,21.07
01/10/2023,21.012,22196,21.055,21.055,20.99
01/09/2023,21.09,84229,21.124,21.13,21.09
01/06/2023,21.075,2354,21.03,21.075,21.03
01/05/2023,20.89,18321,20.825,20.89,20.825
01/04/2023,20.905,40117,20.881,20.91,20.88
01/03/2023,20.8014,19492,20.859,20.859,20.79
12/30/2022,20.70,92096,20.676,20.76,20.676
12/29/2022,20.77,3085,20.7108,20.773,20.7108
12/28/2022,20.695,37199,20.74,20.74,20.69
12/27/2022,20.735,3677,20.75,20.75,20.7206
12/23/2022,20.86,28188,20.887,20.889,20.85
12/22/2022,20.94,44620,20.96,20.97,20.94
12/21/2022,20.945,7617,20.98,20.98,20.93
12/20/2022,20.925,25961,20.95,20.95,20.91
12/19/2022,21.01,29227,21.04,21.05,21.01
12/16/2022,21.1496,7871,21.10,21.1616,21.10
12/15/2022,21.235,39839,21.23,21.27,21.23
12/14/2022,21.24,19675,21.20,21.24,21.15
12/13/2022,21.1751,46100,21.259,21.259,21.1751
12/12/2022,21.0544,26859,21.15,21.15,21.045
12/09/2022,21.0699,5563,21.11,21.11,21.0699
12/08/2022,21.19,13322,21.22,21.22,21.163
12/07/2022,21.24,5077,21.21,21.24,21.20
12/06/2022,21.1085,756796,21.077,21.11,21.05
12/05/2022,21.015,22543,21.026,21.06,21.01
12/02/2022,21.1315,25418,21.06,21.1315,21.05
12/01/2022,21.0738,7789,20.9841,21.0738,20.9841
11/30/2022,20.9392,16582,20.86,20.9392,20.82
11/29/2022,20.88,192701,20.8688,20.911,20.8688
11/28/2022,20.92,3849,20.93,20.93,20.8986
11/25/2022,20.8983,1635,20.89,20.90,20.89
11/23/2022,20.905,29019,20.88,20.905,20.87
11/22/2022,20.81,14475,20.808,20.825,20.792
11/21/2022,20.74,37343,20.79,20.79,20.73
11/18/2022,20.745,6029,20.79,20.79,20.74
11/17/2022,20.795,10546,20.80,20.81,20.78
11/16/2022,20.8785,3418,20.815,20.89,20.81
11/15/2022,20.751,12060,20.71,20.751,20.70
11/14/2022,20.6501,80161,20.65,20.66,20.63
11/11/2022,20.695,1820,20.70,20.70,20.67
11/10/2022,20.71,143,20.71,20.71,20.71
11/09/2022,20.405,24667,20.42,20.42,20.365
11/08/2022,20.375,1745,20.38,20.38,20.36
11/07/2022,20.295,8409,20.31,20.3329,20.295
11/04/2022,20.3549,19581,20.391,20.391,20.3476
11/03/2022,20.41,4789,20.35,20.41,20.35
11/02/2022,20.44,10335,20.502,20.546,20.44
11/01/2022,20.4601,2411,20.48,20.48,20.4538
10/31/2022,20.4667,712441,20.5135,20.5135,20.4667
10/28/2022,20.5551,3662,20.566,20.59,20.54
10/27/2022,20.6162,3606,20.55,20.64,20.55
10/26/2022,20.5201,44983,20.53,20.54,20.50
10/25/2022,20.45,4161,20.42,20.478,20.42
10/24/2022,20.30,12197,20.30,20.35,20.275
10/21/2022,20.3422,23207,20.28,20.35,20.28
10/20/2022,20.335,3956,20.415,20.43,20.335
10/19/2022,20.46,53639,20.49,20.5073,20.43
10/18/2022,20.565,6333,20.578,20.59,20.51
10/17/2022,20.56,12078,20.62,20.64,20.56
10/14/2022,20.5547,471258,20.63,20.63,20.53
10/13/2022,20.58,19001,20.52,20.63,20.52
10/12/2022,20.675,5820,20.63,20.68,20.63
10/11/2022,20.6494,19221,20.63,20.72,20.63
10/10/2022,20.665,45017,20.76,20.76,20.58
10/07/2022,20.698,148408,20.681,20.73,20.6731
10/06/2022,20.77,46167,20.80,20.81,20.762
10/05/2022,20.825,5837,20.88,20.88,20.81
10/04/2022,20.935,8156,20.93,20.96,20.93
10/03/2022,20.8908,17021,20.88,20.98,20.88
09/30/2022,20.81,1110941,20.93,20.93,20.81
09/29/2022,20.89,31926,20.86,20.90,20.845
09/28/2022,20.93,38732,20.77,20.93,20.77
09/27/2022,20.6796,24233,20.75,20.7567,20.6796
09/26/2022,20.78,1042,20.885,20.90,20.78
09/23/2022,20.955,29902,20.94,20.98,20.92
09/22/2022,20.975,7864,20.99,21.00,20.96
09/21/2022,21.1339,15040,21.14,21.14,21.06
09/20/2022,21.08,2683,21.09,21.099,21.08
09/19/2022,21.16,1308,21.17,21.19,21.16
09/16/2022,21.18,25324,21.165,21.185,21.15
09/15/2022,21.195,6056,21.216,21.22,21.175
09/14/2022,21.23,3567,21.26,21.26,21.23
09/13/2022,21.21,21962,21.22,21.22,21.19
09/12/2022,21.2801,36108,21.34,21.374,21.255
09/09/2022,21.32,12913,21.40,21.40,21.3109
09/08/2022,21.3549,2948,21.39,21.39,21.34
09/07/2022,21.40,310705,21.37,21.40,21.36
09/06/2022,21.31,3399,21.3028,21.335,21.3028
09/02/2022,21.46,6083,21.46,21.47,21.43
09/01/2022,21.405,78917,21.38,21.42,21.38
08/31/2022,21.56,2951441,21.609,21.64,21.56
08/30/2022,21.5901,2894,21.59,21.62,21.56
08/29/2022,21.5905,2193,21.5701,21.60,21.5701
08/26/2022,21.65,21778,21.6494,21.70,21.5901
08/25/2022,21.64,42470,21.60,21.65,21.5969
08/24/2022,21.57,45237,21.62,21.62,21.55
08/23/2022,21.6349,43855,21.69,21.69,21.6349
08/22/2022,21.64,44095,21.655,21.66,21.62
08/19/2022,21.6801,46732,21.70,21.71,21.66
08/18/2022,21.78,10668,21.78,21.84,21.78
08/17/2022,21.76,21542,21.82,21.82,21.71
08/16/2022,21.8401,28298,21.86,21.87,21.82
08/15/2022,21.88,2632,21.91,21.91,21.87
08/12/2022,21.8201,13635,21.815,21.83,21.80
08/11/2022,21.7702,24986,21.94,21.94,21.7702
08/10/2022,21.88,10235,22.01,22.01,21.88
08/09/2022,21.90,29677,21.92,21.92,21.8705
08/08/2022,21.9337,2619,21.9493,21.95,21.91
08/05/2022,21.8598,3562,21.90,21.90,21.849
08/04/2022,22.05,62409,22.05,22.07,22.01
08/03/2022,22.0001,7752,21.94,22.0001,21.87
08/02/2022,21.9549,9891,22.0882,22.0882,21.9549
08/01/2022,22.1345,3250,22.09,22.1585,22.09
07/29/2022,22.1049,865801,22.10,22.16,22.10
07/28/2022,22.05,15243,22.14,22.14,22.04
07/27/2022,21.985,362,22.00,22.01,21.985
07/26/2022,21.96,557,22.08,22.08,21.96
07/25/2022,21.935,4910,21.9179,21.97,21.9179
07/22/2022,22.01,18818,22.0045,22.0128,21.98
07/21/2022,21.84,1849343,21.82,21.85,21.79
07/20/2022,21.695,1855,21.7461,21.7461,21.695
07/19/2022,21.7099,619,21.72,21.7423,21.69
07/18/2022,21.75,3632,21.77,21.77,21.72
07/15/2022,21.82,24910,21.83,21.83,21.80
07/14/2022,21.7795,1801425,21.73,21.7991,21.73
07/13/2022,21.80,47767,21.64,21.81,21.64
07/12/2022,21.7999,62166,21.84,21.85,21.79
07/11/2022,21.72,5945,21.72,21.75,21.6915
07/08/2022,21.66,1592294,21.67,21.67,21.60
07/07/2022,21.71,4852,21.77,21.77,21.68
07/06/2022,21.805,21319,21.87,21.87,21.805
07/05/2022,21.95,2252,21.94,22.00,21.92
07/01/2022,21.84,21228,21.96,21.96,21.82
06/30/2022,21.81,303991,21.79,21.8208,21.731
06/29/2022,21.67,9638,21.65,21.70,21.6201
06/28/2022,21.60,15718,21.551,21.60,21.525
06/27/2022,21.59,1418,21.53,21.59,21.52
06/24/2022,21.64,16186,21.72,21.72,21.64
06/23/2022,21.69,170135,21.719,21.78,21.64
06/22/2022,21.65,56246,21.62,21.65,21.5734
06/21/2022,21.43,1418559,21.46,21.51,21.39
06/17/2022,21.57,5047639,21.56,21.58,21.52
06/16/2022,21.53,1564,21.365,21.53,21.365
06/15/2022,21.4394,18265,21.37,21.4394,21.35
06/14/2022,21.27,22382,21.46,21.46,21.27
06/13/2022,21.37,54654,21.50,21.50,21.37
06/10/2022,21.68,19386,21.71,21.73,21.63
06/09/2022,21.82,4474,21.7701,21.82,21.7701
06/08/2022,21.845,33702,21.86,21.88,21.8201
06/07/2022,21.86,10291,21.86,21.89,21.8401
06/06/2022,21.77,26562,21.86,21.8795,21.77
06/03/2022,21.8862,2464,21.87,21.92,21.87
06/02/2022,21.91,469996,21.93,21.97,21.90
06/01/2022,21.91,11724,21.99,21.99,21.91
05/31/2022,22.00,174062,22.00,22.06,22.00
05/27/2022,22.135,20217,22.24,22.24,22.12
05/26/2022,22.18,704584,22.15,22.18,22.1001
05/25/2022,22.16,13613,22.12,22.1892,22.12
05/24/2022,22.115,3601,22.155,22.155,22.1102
05/23/2022,21.985,81846,22.04,22.15,21.965
05/20/2022,22.07,78507,22.03,22.10,22.01
05/19/2022,22.00,125456,22.03,22.06,21.98
05/18/2022,21.9402,18303,21.81,21.97,21.81
05/17/2022,21.8499,25613,21.86,21.88,21.8499
05/16/2022,21.96,25832,21.99,22.00,21.9411
05/13/2022,21.93,35060,22.05,22.05,21.93
05/12/2022,22.0549,20577,22.02,22.09,22.01
05/11/2022,21.975,35335,21.8927,22.01,21.8927
05/10/2022,21.9095,13176,21.9088,21.97,21.8908
05/09/2022,21.8351,12832,21.74,21.8351,21.74
05/06/2022,21.93,42750,21.79,21.98,21.78
05/05/2022,21.8165,9062,21.88,21.89,21.77
05/04/2022,21.9708,19125,21.88,21.9708,21.88
05/03/2022,21.935,17390,21.99,21.99,21.935
05/02/2022,21.905,52600,21.87,22.00,21.87
04/29/2022,22.00,543170,22.00,22.40,22.00
04/28/2022,22.105,1654,22.10,22.105,22.10
04/27/2022,22.11,10784,22.20,22.20,22.11
04/26/2022,22.185,1577,22.19,22.192,22.175
04/25/2022,22.09,3994,22.1796,22.1796,22.09
04/22/2022,22.015,3439,22.02,22.03,21.99
04/21/2022,22.02,14264,21.98,22.02,21.96
04/20/2022,22.105,10942,22.0796,22.14,22.0796
04/19/2022,22.00,2873,22.04,22.0499,22.00
04/18/2022,22.095,6243,22.16,22.16,22.0801
04/14/2022,22.135,3860,22.17,22.17,22.135
04/13/2022,22.2742,1150,22.31,22.33,22.2742
04/12/2022,22.24,127840,22.27,22.29,22.24
04/11/2022,22.175,82293,22.19,22.21,22.17
04/08/2022,22.235,5258,22.28,22.29,22.23
04/07/2022,22.3158,2001,22.32,22.3552,22.3004
04/06/2022,22.355,14566,22.34,22.41,22.332
04/05/2022,22.40,188,22.40,22.40,22.40
04/04/2022,22.555,7229,22.559,22.59,22.535
04/01/2022,22.5907,1456,22.53,22.61,22.53
03/31/2022,22.6749,683628,22.7094,22.75,22.66
03/30/2022,22.65,2619,22.6306,22.6699,22.6306
03/29/2022,22.55,2582,22.5746,22.5746,22.55
03/28/2022,22.55,10061,22.52,22.55,22.50
03/25/2022,22.515,567,22.515,22.52,22.515
03/24/2022,22.6679,323,22.85,22.85,22.6401
03/23/2022,22.7032,835,22.63,22.7032,22.63
03/22/2022,22.59,28786,22.6196,22.62,22.5847
03/21/2022,22.6799,2586,22.78,22.78,22.6799
03/18/2022,22.8703,16561,22.86,22.8703,22.85
03/17/2022,22.8137,4276,22.8874,22.89,22.8137
03/16/2022,22.8354,493292,22.87,22.94,22.75
03/15/2022,22.86,1782,22.91,22.91,22.86
03/14/2022,22.8772,1190,22.94,22.94,22.8772
03/11/2022,23.0501,3035,23.059,23.09,23.02
03/10/2022,23.0501,297983,23.0695,23.0695,23.01
03/09/2022,23.14,1997,23.20,23.20,23.12
03/08/2022,23.2152,15702,23.25,23.25,23.215
03/07/2022,23.3349,1272,23.38,23.38,23.3349
03/04/2022,23.3802,1489,23.395,23.40,23.362
03/03/2022,23.2484,314,23.24,23.2484,23.24
03/02/2022,23.2164,16222,23.3499,23.3499,23.2164
03/01/2022,23.4699,1952,23.51,23.51,23.44
02/28/2022,23.29,7565,23.2967,23.3294,23.2708
02/25/2022,23.1551,1974,23.155,23.1551,23.12
02/24/2022,23.17,5286,23.25,23.25,23.17
02/23/2022,23.1597,36318,23.17,23.19,23.13
02/22/2022,23.209,5331,23.21,23.24,23.1815
02/18/2022,23.21,2153,23.193,23.2594,23.193
02/17/2022,23.1603,4137,23.20,23.20,23.15
02/16/2022,23.1177,4271,23.1071,23.12,23.04
02/15/2022,23.067,6666,23.07,23.10,23.06
02/14/2022,23.152,1479,23.13,23.155,23.12
02/11/2022,23.2153,9079,23.13,23.2153,23.11
02/10/2022,23.0984,151,23.15,23.15,23.0984
02/09/2022,23.2699,2570,23.31,23.312,23.2699
02/08/2022,23.2599,575,23.2201,23.2599,23.2201
02/07/2022,23.32,7356,23.32,23.33,23.31
02/04/2022,23.3001,1303,23.31,23.33,23.30
02/03/2022,23.435,2991,23.45,23.46,23.4212
02/02/2022,23.5099,1365,23.53,23.56,23.5099
02/01/2022,23.4749,5123,23.49,23.50,23.4501
01/31/2022,23.4952,641770,23.465,23.496,23.465
01/28/2022,23.5199,7049,23.46,23.54,23.46
01/27/2022,23.4999,686,23.48,23.556,23.48
01/26/2022,23.4639,8843,23.56,23.57,23.4356
01/25/2022,23.5401,25864,23.55,23.59,23.54
01/24/2022,23.56,10464,23.65,23.6627,23.56
01/21/2022,23.59,2673,23.61,23.61,23.59
01/20/2022,23.48,70363,23.476,23.54,23.42
01/19/2022,23.4587,12723,23.425,23.46,23.40
01/18/2022,23.41,5329,23.449,23.449,23.41
01/14/2022,23.515,11219,23.58,23.60,23.515
01/13/2022,23.635,30831,23.61,23.635,23.57
01/12/2022,23.5907,4053,23.61,23.612,23.59
01/11/2022,23.5902,13265,23.54,23.5902,23.54
01/10/2022,23.56,3638,23.53,23.5742,23.52
01/07/2022,23.565,329810,23.55,23.584,23.5202
01/06/2022,23.62,26902,23.57,23.62,23.56
01/05/2022,23.635,802,23.63,23.635,23.615
01/04/2022,23.6776,2395,23.68,23.68,23.65
01/03/2022,23.7345,6887,23.74,23.75,23.73
12/31/2021,23.8988,22220,23.88,23.8988,23.87
12/30/2021,23.8761,26201,23.86,23.88,23.83
12/29/2021,23.83,15597,23.77,23.8481,23.77
12/28/2021,23.90,4322,23.94,23.94,23.895
12/27/2021,23.9103,1153,23.91,23.9103,23.91
12/23/2021,23.905,16465,23.90,23.905,23.89
12/22/2021,23.96,35865,23.90,23.96,23.90
12/21/2021,23.9303,3213,23.90,23.9303,23.85
12/20/2021,23.9903,14030,24.0394,24.0394,23.98
12/17/2021,23.9953,1312,24.00,24.01,23.99
12/16/2021,24.025,8057,24.04,24.04,24.01
12/15/2021,23.97,6086,23.99,24.0095,23.9604
12/14/2021,24.025,27644,24.00,24.0593,23.99
12/13/2021,24.05,1467,24.10,24.10,24.03
12/10/2021,23.9849,2622,24.04,24.04,23.9849
12/09/2021,23.9666,7535,24.02,24.02,23.9666
12/08/2021,23.94,3067,23.96,23.9892,23.94
12/07/2021,24.0299,406760,24.08,24.08,24.01
12/06/2021,24.105,4306,24.13,24.14,24.096
12/03/2021,24.19,221,24.19,24.19,24.19
12/02/2021,24.12,6955,24.16,24.16,24.0802
12/01/2021,24.1073,3479,24.0692,24.11,24.03
11/30/2021,24.12,20447,24.12,24.125,24.11
11/29/2021,24.06,3641,24.09,24.10,24.06
11/26/2021,24.0855,2490,24.09,24.11,24.0855
11/24/2021,23.86,1090,23.86,23.86,23.79
11/23/2021,23.8199,7601,23.85,23.87,23.81
11/22/2021,23.885,2383,23.87,23.92,23.87
11/19/2021,24.01,4508,24.05,24.05,24.01
11/18/2021,23.935,2167,23.9594,23.98,23.91
11/17/2021,23.9101,2064,23.88,23.9292,23.88
11/16/2021,23.905,2353,23.925,23.94,23.898
11/15/2021,23.91,15097,23.91,23.9499,23.90
11/12/2021,23.985,10067,24.03,24.03,23.97
11/11/2021,23.975,4340,24.02,24.02,23.95
11/10/2021,24.025,4184,25.05,25.18,24.00
11/09/2021,24.185,3225,24.19,24.2394,24.185
11/08/2021,24.08,3655,24.10,24.1295,24.08
11/05/2021,24.135,1544,24.1495,24.1495,24.10
11/04/2021,24.035,7028,24.04,24.04,24.00
11/03/2021,23.96,7708,23.99,24.01,23.94
11/02/2021,24.01,3270,24.00,24.03,24.00
11/01/2021,23.96,2040,23.90,23.96,23.90
10/29/2021,24.0104,144928,23.97,24.0194,23.97
10/28/2021,24.0151,1626,24.025,24.05,24.0151
10/27/2021,24.05,3640,23.99,24.0796,23.99
10/26/2021,23.9447,16713,23.91,23.95,23.91
10/25/2021,23.92,2414,23.93,23.93,23.91
10/22/2021,23.8951,4266,23.88,23.91,23.86
10/21/2021,23.865,3089,23.865,23.87,23.84
10/20/2021,23.905,10965,23.915,23.94,23.88
10/19/2021,23.935,1645,23.9616,23.9616,23.935
10/18/2021,23.98,1552,23.99,23.99,23.975
10/15/2021,23.99,2569,24.0194,24.0194,23.98
10/14/2021,24.06,12219,24.05,24.0692,24.01
10/13/2021,24.0201,1353,24.025,24.035,24.0201
10/12/2021,23.9701,735,23.93,23.9701,23.92
10/11/2021,23.89,1616,23.8705,23.92,23.8705
10/08/2021,23.92,10903,23.91,23.92,23.91
10/07/2021,23.96,2488,23.999,24.00,23.9401
10/06/2021,24.00,4514,24.05,24.06,24.00
10/05/2021,24.025,68,24.025,24.025,24.025
10/04/2021,24.075,864,24.06,24.085,24.06
10/01/2021,24.08,2658,24.06,24.08,24.04
09/30/2021,24.02,30877,23.9729,24.04,23.9729
09/29/2021,24.05,89,24.05,24.05,24.05
09/28/2021,24.0649,466,24.0878,24.0878,24.0649
09/27/2021,24.115,1576,24.15,24.15,24.115
09/24/2021,24.155,188689,24.175,24.18,24.155
09/23/2021,24.22,3539,24.26,24.26,24.22
09/22/2021,24.36,698733,24.38,24.38,24.3357
09/21/2021,24.3452,232,24.345,24.3452,24.345
09/20/2021,24.355,2959,24.36,24.37,24.34
09/17/2021,24.2601,1922,24.2894,24.2998,24.24
09/16/2021,24.3199,4326,24.35,24.35,24.30
09/15/2021,24.36,1596,24.37,24.379,24.36
09/14/2021,24.385,971,24.42,24.42,24.385
09/13/2021,24.305,7165,24.34,24.34,24.272
09/10/2021,24.28,1749,24.28,24.31,24.28
09/09/2021,24.34,9985,24.319,24.345,24.28
09/08/2021,24.275,4885,24.274,24.28,24.25
09/07/2021,24.235,687,24.23,24.235,24.21
09/03/2021,24.285,12569,24.31,24.31,24.271
09/02/2021,24.33,1287,24.33,24.3594,24.31
09/01/2021,24.325,86031,24.3392,24.35,24.3001
08/31/2021,24.315,1889,24.31,24.3392,24.30
08/30/2021,24.3801,19114,24.35,24.39,24.35
08/27/2021,24.3444,630,24.35,24.35,24.311
08/26/2021,24.28,33571,24.31,24.31,24.25
08/25/2021,24.285,1616,24.31,24.31,24.26
08/24/2021,24.355,8524,24.331,24.38,24.33
08/23/2021,24.375,35680,24.36,24.3999,24.34
08/20/2021,24.3754,10895,24.40,24.40,24.35
08/19/2021,24.385,14709,24.41,24.42,24.371
08/18/2021,24.32,13124,24.37,24.37,24.30
08/17/2021,24.3549,24642,24.3794,24.38,24.33
08/16/2021,24.36,2723,24.39,24.39,24.34
08/13/2021,24.3274,2015,24.31,24.3396,24.3004
08/12/2021,24.25,26390,24.27,24.27,24.22
08/11/2021,24.17,16938,24.2488,24.2899,24.17
08/10/2021,24.235,28640,24.26,24.2693,24.22
08/09/2021,24.285,1349,24.29,24.30,24.285
08/06/2021,24.3051,4253,24.3493,24.3493,24.29
08/05/2021,24.3999,27381,24.36,24.43,24.36
08/04/2021,24.39,10685,24.43,24.47,24.39
08/03/2021,24.46,7997,24.465,24.49,24.4405
08/02/2021,24.455,1882,24.43,24.4993,24.40
07/30/2021,24.39,21525,24.42,24.42,24.37
07/29/2021,24.3889,6678,24.39,24.4193,24.36
07/28/2021,24.4045,1496,24.375,24.4093,24.36
07/27/2021,24.40,58650,24.41,24.45,24.38
07/26/2021,24.35,755,24.39,24.39,24.35
07/23/2021,24.355,995,24.38,24.38,24.355
07/22/2021,24.385,16343,24.40,24.41,24.38
07/21/2021,24.325,1037,24.36,24.36,24.325
07/20/2021,24.425,41984,24.44,24.44,24.425
07/19/2021,24.465,27228,24.46,24.465,24.45
07/16/2021,24.305,7442,24.32,24.3392,24.26
07/15/2021,24.28,11313,24.27,24.3499,24.25
07/14/2021,24.2405,440,24.2383,24.2405,24.2383
07/13/2021,24.18,20515,24.2107,24.2793,24.161
07/12/2021,24.215,128,24.215,24.215,24.215
07/09/2021,24.245,136393,24.26,24.27,24.245
07/08/2021,24.34,653,24.335,24.345,24.335
07/07/2021,24.29,1040,24.29,24.3139,24.29
07/06/2021,24.2203,184,24.23,24.23,24.2203
07/02/2021,24.14,3667,24.15,24.16,24.12
07/01/2021,24.095,22029,24.06,24.10,24.04
06/30/2021,24.1208,1060156,24.13,24.14,24.0707
06/29/2021,24.105,3073,24.13,24.13,24.07
06/28/2021,24.095,411,24.0616,24.095,24.0616
06/25/2021,24.0428,208,24.0795,24.0795,24.0428
06/24/2021,24.085,2015,24.1242,24.13,24.0601
06/23/2021,24.10,1827,24.112,24.12,24.08
06/22/2021,24.105,965,24.12,24.1292,24.105
06/21/2021,24.0859,805,24.13,24.13,24.08
06/18/2021,24.15,1436,24.15,24.15,24.12
06/17/2021,24.09,259,24.05,24.09,24.05
06/16/2021,24.03,442535,24.13,24.13,24.03
06/15/2021,24.0606,177,24.0606,24.0606,24.0606
06/14/2021,24.09,4740,24.12,24.12,24.0705
06/11/2021,24.13,2497,24.15,24.15,24.13
06/10/2021,24.141,1263,24.159,24.16,24.09
06/09/2021,24.12,2063,24.14,24.14,24.11
06/08/2021,24.02,1890,24.00,24.0893,24.00
06/07/2021,24.055,5020,24.0101,24.08,24.0101
06/04/2021,24.05,679,24.0695,24.0695,24.05
06/03/2021,23.975,1672,24.01,24.01,23.975
06/02/2021,24.01,771,24.0394,24.0394,23.9806
06/01/2021,23.97,1037,23.97,23.99,23.97
05/28/2021,24.015,1282149,24.0495,24.0495,24.01
05/27/2021,24.0256,494,24.01,24.0256,23.97
05/26/2021,24.045,5546,24.10,24.10,24.011
05/25/2021,24.05,3536,24.05,24.0637,24.05
05/24/2021,24.03,530,23.99,24.03,23.9706
05/21/2021,23.965,355,23.955,23.965,23.955
05/20/2021,23.945,556,23.97,23.97,23.945
05/19/2021,23.93,1108,23.98,23.98,23.90
05/18/2021,23.94,13131,23.92,23.94,23.92
05/17/2021,23.955,326,23.98,23.98,23.955
05/14/2021,23.98,513,24.01,24.01,23.98
05/13/2021,23.94,235,23.94,23.94,23.94
05/12/2021,23.885,633,23.86,23.885,23.86
05/11/2021,23.9678,2944,23.98,24.00,23.9678
05/10/2021,23.99,471,23.995,23.995,23.99
05/07/2021,24.045,1024,24.1033,24.1033,24.045
05/06/2021,24.05,2703,24.08,24.09,24.02
05/05/2021,24.025,4321,24.00,24.0395,24.00
05/04/2021,24.03,168,24.03,24.03,24.03
05/03/2021,23.985,891,23.99,24.00,23.9675
04/30/2021,24.00,226990,23.979,24.00,23.96
04/29/2021,23.98,18961,23.96,23.98,23.81
04/28/2021,23.995,2416,24.00,24.0194,23.995
04/27/2021,23.985,603,24.06,24.06,23.985
04/26/2021,24.02,2307,23.971,24.07,23.971
04/23/2021,24.05,3802,24.08,24.08,24.05
04/22/2021,24.035,3265,24.09,24.09,24.03
04/21/2021,24.08,1630,24.05,24.08,24.02
04/20/2021,24.02,471,23.9806,24.02,23.9806
04/19/2021,24.00,982,23.96,24.0315,23.96
04/16/2021,24.02,1644,24.04,24.05,24.02
04/15/2021,24.055,3053,24.03,24.06,24.005
04/14/2021,23.955,11113,23.9998,23.9998,23.945
04/13/2021,23.98,6023,24.0088,24.0088,23.98
04/12/2021,23.935,854,23.935,23.935,23.935
04/09/2021,23.955,621,23.9109,24.00,23.9109
04/08/2021,23.975,903,23.93,23.975,23.93
04/07/2021,23.92,463,23.9827,23.9827,23.92
04/06/2021,23.95,976,23.95,23.97,23.95
04/05/2021,23.875,98,23.875,23.875,23.875
04/01/2021,23.915,495,23.92,23.92,23.915
03/31/2021,23.88,63462,23.86,23.88,23.84
03/30/2021,23.915,4230,23.90,23.94,23.90
03/29/2021,23.90,408,23.9059,23.9059,23.90
03/26/2021,23.95,1727,23.94,24.0788,23.94
03/25/2021,23.98,6155,24.0779,24.0792,23.98
03/24/2021,24.0133,1243657,23.97,24.05,23.97
03/23/2021,23.975,439,23.92,23.975,23.92
03/22/2021,23.945,4249,23.88,23.979,23.88
03/19/2021,23.8686,8779,23.875,23.88,23.85
03/18/2021,23.8522,6464,23.89,23.89,23.82
03/17/2021,23.95,615852,23.86,23.99,23.86
03/16/2021,23.965,8690,23.995,24.0158,23.94
03/15/2021,23.9545,4608,23.94,23.96,23.94
03/12/2021,23.92,2959,23.93,23.93,23.91
03/11/2021,24.075,3977,24.07,24.0897,24.05
03/10/2021,24.07,2637,24.10,24.12,24.07
03/09/2021,24.06,4024,24.0378,24.08,24.0378
03/08/2021,23.96,66642,24.03,24.04,23.96
03/05/2021,24.01,53920,24.05,24.05,23.90
03/04/2021,24.045,359,24.081,24.081,24.045
03/03/2021,24.095,2179,24.09,24.11,24.078
03/02/2021,24.1623,1629,24.1991,24.1991,24.1623
03/01/2021,24.145,10186,24.09,24.19,24.0801
02/26/2021,24.1422,12604,24.05,24.15,24.05
02/25/2021,24.0028,683,24.04,24.04,24.0028
02/24/2021,24.21,954,24.14,24.2294,24.14
02/23/2021,24.245,17405,24.28,24.28,24.245
02/22/2021,24.29,2307,24.33,24.339,24.26
02/19/2021,24.30,2009,24.33,24.33,24.2802
02/18/2021,24.39,2353,24.36,24.4134,24.36
02/17/2021,24.3757,2861,24.42,24.43,24.361
02/16/2021,24.365,1821,24.40,24.42,24.365
02/12/2021,24.48,125,24.48,24.48,24.48
02/11/2021,24.54,819,24.58,24.58,24.5106
02/10/2021,24.58,336,24.6094,24.6094,24.58
02/09/2021,24.545,5676,24.59,24.59,24.545
02/08/2021,24.55,19873,24.57,24.59,24.53
02/05/2021,24.52,3522,24.56,24.57,24.52
02/04/2021,24.57,1436,24.58,24.5898,24.57
02/03/2021,24.595,13778,24.59,24.63,24.5805
02/02/2021,24.635,13092,24.64,24.6593,24.5907
02/01/2021,24.675,20055,24.66,24.675,24.65
01/29/2021,24.67,27815,24.65,24.67,24.60
01/28/2021,24.71,1032,24.721,24.759,24.69
01/27/2021,24.775,650,24.80,24.80,24.775
01/26/2021,24.755,867,24.7795,24.78,24.755
01/25/2021,24.7571,503,24.7571,24.7571,24.7571
01/22/2021,24.66,16000,24.73,24.73,24.66
01/21/2021,24.7098,13683,24.6836,24.73,24.67
01/20/2021,24.70,41446,24.7499,24.7499,24.68
01/19/2021,24.709,101,24.709,24.709,24.709
01/15/2021,24.67,5539,24.7294,24.7294,24.67
01/14/2021,24.67,662,24.685,24.685,24.62
01/13/2021,24.716,45845,24.687,24.716,24.68
01/12/2021,24.635,285,24.635,24.635,24.635
01/11/2021,24.62,9116,24.68,24.70,24.62
01/08/2021,24.6424,4818,24.68,24.68,24.63
01/07/2021,24.695,1374,24.69,24.74,24.69
01/06/2021,24.73,6631,24.73,24.73,24.7027
01/05/2021,24.87,5037,24.89,24.9094,24.87
01/04/2021,24.925,3808,24.88,24.93,24.88
12/31/2020,24.955,8927,24.9206,24.9996,24.92
12/30/2020,24.91,32692,24.8604,24.91,24.8604
12/29/2020,24.965,1585,25.01,25.01,24.965
12/28/2020,24.94,10063,24.989,24.99,24.94
12/24/2020,24.94,3403,25.01,25.03,24.94
12/23/2020,24.91,4015,24.88,24.95,24.88
12/22/2020,24.995,191,25.02,25.02,24.995
12/21/2020,24.92,1256,24.98,24.98,24.92
12/18/2020,24.90,2244,24.93,24.93,24.90
12/17/2020,24.91,1535,24.96,24.97,24.91
12/16/2020,24.94,469286,24.935,24.985,24.935
12/15/2020,24.95,1617,24.96,24.961,24.94
12/14/2020,24.97,2280,25.04,25.04,24.97
12/11/2020,25.0032,1987,25.06,25.06,24.97
12/10/2020,24.92,18791,24.9693,24.9795,24.89
12/09/2020,24.91,305,24.95,24.95,24.91
12/08/2020,24.94,7295,24.911,25.01,24.911
12/07/2020,24.905,1679,24.96,24.96,24.87
12/04/2020,24.8012,1967,24.80,24.83,24.80
12/03/2020,24.92,1039,24.94,24.945,24.897
12/02/2020,24.8583,1292,24.899,24.9091,24.8583
12/01/2020,24.885,20892,24.90,24.9099,24.86
11/30/2020,24.94,279343,24.90,25.02,24.89
11/27/2020,25.03,1036,25.02,25.05,25.004
11/25/2020,24.985,330,24.99,25.01,24.985
11/24/2020,24.995,912,25.0097,25.0097,24.995
11/23/2020,25.02,633,25.0712,25.0712,25.02
11/20/2020,25.06,425,25.0794,25.0794,25.06
11/19/2020,25.025,2072,25.00,25.025,25.00
11/18/2020,24.96,1680,25.0194,25.0194,24.96
11/17/2020,24.96,257,24.96,24.96,24.96
11/16/2020,24.935,23366,24.96,24.96,24.92
11/13/2020,24.935,3555,24.95,24.96,24.935
11/12/2020,24.92,136944,24.91,24.97,24.91
11/11/2020,24.80,4824,24.778,24.81,24.74
11/10/2020,24.81,65278,24.7841,24.8295,24.76
11/09/2020,24.8158,4207,24.76,24.82,24.74
11/06/2020,25.00,3593,25.019,25.02,25.00
11/05/2020,25.075,855,25.06,25.09,25.05
11/04/2020,25.08,7877,25.13,25.16,25.08
11/03/2020,24.90,1597,24.90,24.93,24.899
11/02/2020,24.94,3350,24.98,24.98,24.94
10/30/2020,24.92,2109,24.95,24.9797,24.92
10/29/2020,25.025,3818,25.1128,25.1128,25.025
10/28/2020,25.085,49337,25.11,25.13,25.08
10/27/2020,25.105,7676,25.11,25.11,25.091
10/26/2020,25.05,1261,25.0892,25.0892,25.0278
10/23/2020,24.99,6760,24.95,25.0198,24.95
10/22/2020,24.9598,437,24.98,24.98,24.9306
10/21/2020,25.005,3284,25.045,25.07,25.005
10/20/2020,25.06,4708,25.07,25.0896,25.055
10/19/2020,25.11,1248,25.20,25.20,25.11
10/16/2020,25.11,4289,25.14,25.187,25.11
10/15/2020,25.15,686,25.17,25.1994,25.15
10/14/2020,25.17,5787,25.18,25.1898,25.17
10/13/2020,25.16,7464,25.195,25.26,25.16
10/12/2020,25.11,1712,25.11,25.11,25.08
10/09/2020,25.095,716,25.11,25.11,25.0773
10/08/2020,25.09,10426,25.075,25.20,25.07
10/07/2020,25.04,582,25.06,25.06,25.04
10/06/2020,25.10,1954,25.10,25.11,25.10
10/05/2020,25.115,412,25.17,25.20,25.115
10/02/2020,25.23,1874,25.2889,25.2889,25.23
10/01/2020,25.215,819,25.22,25.2297,25.215
09/30/2020,25.225,2298,25.23,25.279,25.225
09/29/2020,25.315,1500,25.326,25.33,25.309
09/28/2020,25.31,8497,25.31,25.31,25.26
09/25/2020,25.28,456,25.31,25.32,25.28
09/24/2020,25.29,2737,25.28,25.29,25.26
09/23/2020,25.27,1679,25.27,25.27,25.25
09/22/2020,25.27,2142,25.2698,25.27,25.2698
09/21/2020,25.27,3538,25.31,25.31,25.26
09/18/2020,25.23,2665,25.27,25.27,25.23
09/17/2020,25.235,501,25.27,25.27,25.235
09/16/2020,25.24,436631,25.283,25.29,25.24
09/15/2020,25.24,815,25.25,25.27,25.214
09/14/2020,25.27,3649,25.29,25.30,25.27
09/11/2020,25.28,6467,25.27,25.29,25.224
09/10/2020,25.235,438,25.27,25.27,25.235
09/09/2020,25.235,2644,25.31,25.31,25.21
09/08/2020,25.265,549,25.27,25.31,25.265
09/04/2020,25.205,1380,25.30,25.30,25.205
09/03/2020,25.3556,422,25.37,25.37,25.3556
09/02/2020,25.31,128,25.31,25.31,25.31
09/01/2020,25.255,12919,25.23,25.255,25.205
08/31/2020,25.23,1890471,25.18,25.29,25.14
08/28/2020,25.19,1229,25.24,25.24,25.19
08/27/2020,25.1764,681,25.30,25.30,25.1764
08/26/2020,25.29,2262,25.28,25.29,25.28
08/25/2020,25.31,293,25.30,25.31,25.30
08/24/2020,25.37,653,25.39,25.39,25.37
08/21/2020,25.39,169179,25.38,25.3996,25.38
08/20/2020,25.355,3266,25.38,25.38,25.345
08/19/2020,25.295,233,25.318,25.318,25.295
08/18/2020,25.325,44877,25.32,25.325,25.31
08/17/2020,25.28,5546,25.30,25.3393,25.28
08/14/2020,25.26,2425,25.30,25.31,25.26
08/13/2020,25.23,3696,25.30,25.30,25.23
08/12/2020,25.35,775,25.3698,25.3698,25.35
08/11/2020,25.41,3284,25.36,25.41,25.36
08/10/2020,25.51,526,25.54,25.54,25.51
08/07/2020,25.54,4238,25.5749,25.5749,25.54
08/06/2020,25.58,357,25.599,25.599,25.58
08/05/2020,25.555,4976,25.57,25.59,25.54
08/04/2020,25.615,46635,25.605,25.6393,25.595
08/03/2020,25.535,6776,25.51,25.535,25.50
07/31/2020,25.55,56779,25.53,25.58,25.53
07/30/2020,25.595,2481,25.60,25.61,25.595
07/29/2020,25.535,29702,25.51,25.535,25.51
07/28/2020,25.53,5337,25.53,25.5356,25.49
07/27/2020,25.48,661,25.53,25.53,25.48
07/24/2020,25.51,213,25.51,25.51,25.51
07/23/2020,25.50,1914,25.50,25.51,25.49
07/22/2020,25.4544,4355,25.48,25.49,25.4544
07/21/2020,25.44,928,25.44,25.46,25.44
07/20/2020,25.41,5964,25.45,25.45,25.41
07/17/2020,25.40,2573,25.3905,25.40,25.3905
07/16/2020,25.42,959,25.44,25.44,25.42
07/15/2020,25.39,1102,25.38,25.41,25.38
07/14/2020,25.41,1225,25.45,25.4596,25.41
07/13/2020,25.39,4513,25.35,25.39,25.35
07/10/2020,25.37,2063,25.4095,25.4095,25.37
07/09/2020,25.39,1006,25.36,25.39,25.36
07/08/2020,25.29,390,25.30,25.30,25.29
07/07/2020,25.345,13791,25.28,25.36,25.27
07/06/2020,25.235,390,25.22,25.235,25.22
07/02/2020,25.255,2171,25.22,25.27,25.22
07/01/2020,25.2465,81033,25.23,25.26,25.23
06/30/2020,25.28,5103871,25.33,25.35,25.26
06/29/2020,25.30,5,25.30,25.30,25.30
06/26/2020,25.30,2,25.30,25.30,25.30
06/25/2020,25.2355,503,25.24,25.24,25.23
06/24/2020,25.215,1,25.215,25.215,25.215
06/23/2020,25.20,N/A,25.20,25.20,25.20
06/22/2020,25.20,601,25.20,25.20,25.20
06/19/2020,25.17,7401,25.18,25.18,25.15
06/18/2020,25.19,251,25.19,25.19,25.19
06/17/2020,25.1477,9649540,25.13,25.1477,25.13
06/16/2020,25.1198,1,25.1198,25.1198,25.1198
06/15/2020,25.1957,1,25.1957,25.1957,25.1957
06/12/2020,25.21,136,25.21,25.21,25.21
06/11/2020,25.2637,N/A,25.2637,25.2637,25.2637
